-- phpMyAdmin SQL Dump
-- version 4.6.5.2
-- https://www.phpmyadmin.net/
--
-- Host: 127.0.0.1
-- Generation Time: Mar 15, 2017 at 09:45 AM
-- Server version: 10.1.21-MariaDB
-- PHP Version: 7.1.1

SET SQL_MODE = "NO_AUTO_VALUE_ON_ZERO";
SET time_zone = "+00:00";


/*!40101 SET @OLD_CHARACTER_SET_CLIENT=@@CHARACTER_SET_CLIENT */;
/*!40101 SET @OLD_CHARACTER_SET_RESULTS=@@CHARACTER_SET_RESULTS */;
/*!40101 SET @OLD_COLLATION_CONNECTION=@@COLLATION_CONNECTION */;
/*!40101 SET NAMES utf8mb4 */;

--
-- Database: `bidding`
--

-- --------------------------------------------------------

--
-- Table structure for table `bids`
--

CREATE TABLE `bids` (
  `id` int(10) UNSIGNED NOT NULL,
  `price` double NOT NULL,
  `state` varchar(255) COLLATE utf8mb4_unicode_ci NOT NULL DEFAULT 'unstarted',
  `incUnit` double NOT NULL,
  `period` int(11) NOT NULL,
  `startTime` datetime NOT NULL,
  `winner_id` int(11) DEFAULT NULL,
  `isdeleted` int(11) NOT NULL DEFAULT '0',
  `product_id` int(10) UNSIGNED NOT NULL,
  `created_at` timestamp NULL DEFAULT NULL,
  `updated_at` timestamp NULL DEFAULT NULL,
  `status` varchar(100) COLLATE utf8mb4_unicode_ci DEFAULT NULL
) ENGINE=InnoDB DEFAULT CHARSET=utf8mb4 COLLATE=utf8mb4_unicode_ci;

--
-- Dumping data for table `bids`
--

INSERT INTO `bids` (`id`, `price`, `state`, `incUnit`, `period`, `startTime`, `winner_id`, `isdeleted`, `product_id`, `created_at`, `updated_at`, `status`) VALUES
(6, 222, 'unstarted', 21, 1, '2017-01-01 00:00:00', 10, 1, 6, '2017-03-02 11:05:32', '2017-03-02 11:06:43', NULL),
(7, 444, 'unstarted', 32, 3, '2017-04-12 00:00:00', NULL, 0, 7, '2017-03-02 11:05:51', '2017-03-15 04:57:07', 'true'),
(8, 222, 'unstarted', 2, 2, '2017-01-01 00:00:00', 10, 1, 8, '2017-03-02 11:06:14', '2017-03-02 11:06:44', NULL),
(9, 32, 'unstarted', 32, 2, '2017-04-12 00:00:00', NULL, 0, 9, '2017-03-09 04:29:59', '2017-03-09 04:29:59', NULL),
(10, 250, 'unstarted', 21, 1, '2017-03-13 12:00:00', NULL, 1, 10, '2017-03-13 09:32:18', '2017-03-14 07:02:14', NULL),
(11, 230, 'unstarted', 2, 2, '2017-03-19 12:22:00', NULL, 0, 34, '2017-03-14 10:16:05', '2017-03-14 10:16:05', NULL),
(12, 32, 'unstarted', 3, 3, '2017-03-19 12:22:00', NULL, 0, 35, '2017-03-14 10:17:02', '2017-03-14 10:17:02', NULL),
(13, 222, 'unstarted', 2, 2, '2017-03-16 14:02:00', NULL, 0, 36, '2017-03-14 10:19:28', '2017-03-14 10:19:28', NULL),
(14, 3333, 'unstarted', 3, 3, '2017-03-01 01:01:00', NULL, 1, 37, '2017-03-14 10:26:05', '2017-03-14 12:29:36', NULL),
(15, 230, 'unstarted', 2, 2, '2017-03-01 06:06:00', NULL, 1, 38, '2017-03-14 10:54:22', '2017-03-14 12:29:37', 'true'),
(16, 230, 'unstarted', 22, 2, '2017-03-08 04:04:00', NULL, 1, 39, '2017-03-14 10:54:49', '2017-03-14 12:29:37', 'true'),
(17, 222, 'unstarted', 2, 2, '2017-03-07 04:04:00', NULL, 1, 40, '2017-03-14 11:08:39', '2017-03-14 12:29:37', 'true'),
(18, 222, 'unstarted', 2, 2, '2017-03-14 14:03:00', NULL, 1, 41, '2017-03-14 11:08:56', '2017-03-15 05:00:57', 'true'),
(19, 4, 'unstarted', 33, 4, '2017-03-07 02:34:00', NULL, 1, 42, '2017-03-14 11:18:39', '2017-03-14 12:29:38', NULL),
(20, 4, 'unstarted', 3, 1, '2017-04-01 04:04:00', NULL, 0, 43, '2017-03-14 11:19:07', '2017-03-14 11:19:07', 'true'),
(21, 22, 'unstarted', 2, 2, '2017-03-16 04:04:00', NULL, 0, 44, '2017-03-14 11:23:08', '2017-03-14 11:23:08', 'true'),
(22, 22, 'unstarted', 22, 2, '2017-03-07 03:03:00', NULL, 1, 45, '2017-03-14 11:23:24', '2017-03-15 05:01:17', 'true'),
(23, 21, 'unstarted', 2, 2, '2017-03-22 03:03:00', NULL, 0, 46, '2017-03-14 11:27:02', '2017-03-14 11:27:02', NULL),
(24, 1, 'unstarted', 1, 1, '2017-03-01 01:01:00', NULL, 1, 47, '2017-03-14 11:27:26', '2017-03-14 12:29:38', NULL),
(25, 222, 'unstarted', 2, 2, '2017-03-14 02:02:00', NULL, 1, 48, '2017-03-14 11:29:11', '2017-03-14 12:29:38', NULL),
(26, 222, 'unstarted', 22, 2, '2017-03-08 03:03:00', NULL, 1, 49, '2017-03-14 11:29:48', '2017-03-14 12:29:38', 'true'),
(27, 222, 'unstarted', 2, 2, '2017-03-08 02:02:00', NULL, 1, 50, '2017-03-14 11:30:06', '2017-03-15 05:02:33', 'true'),
(28, 222, 'unstarted', 3, 3, '2017-03-08 03:03:00', NULL, 1, 51, '2017-03-14 11:30:56', '2017-03-14 12:29:39', 'true'),
(29, 222, 'unstarted', 22, 2, '2017-03-09 03:03:00', NULL, 1, 52, '2017-03-14 11:31:10', '2017-03-15 05:29:27', 'true'),
(30, 33, 'unstarted', 3, 3, '2017-03-15 03:03:00', NULL, 1, 53, '2017-03-14 11:32:42', '2017-03-15 04:44:59', 'true'),
(31, 33, 'unstarted', 2, 2, '2017-03-08 02:02:00', NULL, 1, 54, '2017-03-14 11:32:59', '2017-03-15 05:29:30', 'true'),
(32, 32, 'unstarted', 3, 3, '2017-03-09 03:04:00', NULL, 1, 55, '2017-03-14 11:37:53', '2017-03-14 12:29:40', 'true'),
(33, 32, 'unstarted', 33, 2, '2017-03-09 03:04:00', NULL, 1, 56, '2017-03-14 11:38:07', '2017-03-15 05:29:41', 'true'),
(34, 32, 'unstarted', 3, 4, '2017-03-02 03:04:00', NULL, 1, 57, '2017-03-14 11:38:24', '2017-03-14 12:29:40', 'true'),
(35, 4, 'unstarted', 4, 4, '2017-03-01 04:04:00', NULL, 1, 58, '2017-03-14 11:44:06', '2017-03-14 12:29:41', 'true'),
(36, 4, 'unstarted', 2, 2, '2017-04-09 04:04:00', NULL, 0, 59, '2017-03-14 11:44:21', '2017-03-15 05:34:12', 'true'),
(37, 4, 'unstarted', 4, 4, '2017-03-08 04:04:00', NULL, 1, 60, '2017-03-14 11:44:59', '2017-03-14 12:29:41', NULL),
(38, 43, 'unstarted', 4, 4, '2017-03-09 01:00:00', NULL, 1, 61, '2017-03-14 11:45:36', '2017-03-14 12:29:41', NULL),
(39, 43, 'unstarted', 4, 4, '2017-03-09 04:04:00', NULL, 1, 62, '2017-03-14 11:45:55', '2017-03-14 12:29:41', 'true'),
(40, 43, 'unstarted', 5, 5, '2017-02-28 05:06:00', NULL, 1, 63, '2017-03-14 11:46:14', '2017-03-15 06:13:08', 'true'),
(41, 4, 'unstarted', 3, 4, '2017-03-08 04:04:00', NULL, 1, 64, '2017-03-14 11:51:54', '2017-03-14 12:29:42', NULL),
(42, 42, 'unstarted', 2, 2, '2017-03-08 03:04:00', NULL, 1, 65, '2017-03-14 12:24:02', '2017-03-14 12:29:42', 'true'),
(43, 4, 'unstarted', 15, 11, '2017-03-09 01:00:00', NULL, 1, 66, '2017-03-14 12:27:46', '2017-03-14 12:29:42', NULL),
(44, 3, 'unstarted', 3, 3, '2017-03-09 02:02:00', NULL, 1, 67, '2017-03-15 05:52:13', '2017-03-15 06:05:23', NULL),
(45, 3, 'unstarted', 3, 3, '2017-03-08 03:03:00', NULL, 1, 68, '2017-03-15 05:52:33', '2017-03-15 06:05:23', 'true'),
(46, 222, 'unstarted', 2, 2, '2017-03-07 03:03:00', NULL, 1, 69, '2017-03-15 05:53:05', '2017-03-15 06:05:24', NULL),
(47, 222, 'unstarted', 2, 2, '2017-03-15 03:03:00', NULL, 1, 70, '2017-03-15 05:55:46', '2017-03-15 06:05:24', NULL),
(48, 230, 'unstarted', 2, 1, '2017-03-08 04:04:00', NULL, 1, 71, '2017-03-15 05:56:28', '2017-03-15 06:05:24', NULL),
(49, 230, 'unstarted', 2, 2, '2017-03-08 05:05:00', NULL, 1, 72, '2017-03-15 05:58:22', '2017-03-15 06:05:24', 'true'),
(50, 230, 'unstarted', 2, 2, '2017-03-08 02:03:00', NULL, 1, 73, '2017-03-15 05:58:38', '2017-03-15 06:13:10', 'true'),
(51, 43, 'unstarted', 4, 4, '2017-03-08 04:04:00', NULL, 1, 74, '2017-03-15 06:02:06', '2017-03-15 06:05:25', NULL),
(52, 43, 'unstarted', 2, 4, '2017-03-01 04:04:00', NULL, 1, 75, '2017-03-15 06:03:41', '2017-03-15 06:05:25', NULL),
(53, 32, 'unstarted', 3, 4, '2017-03-08 04:04:00', NULL, 1, 76, '2017-03-15 06:05:07', '2017-03-15 06:05:25', 'true'),
(54, 222, 'unstarted', 2, 2, '2017-04-09 04:04:00', NULL, 0, 77, '2017-03-15 06:06:34', '2017-03-15 06:06:34', 'true'),
(55, 230, 'unstarted', 2, 2, '2017-03-15 04:04:00', NULL, 0, 78, '2017-03-15 06:07:05', '2017-03-15 06:07:05', NULL),
(56, 222, 'unstarted', 2, 3, '2017-03-22 02:03:00', NULL, 0, 79, '2017-03-15 06:08:07', '2017-03-15 06:13:11', 'true'),
(57, 222, 'unstarted', 2, 2, '2017-03-08 02:03:00', NULL, 0, 80, '2017-03-15 06:08:24', '2017-03-15 06:08:24', 'true'),
(58, 32, 'unstarted', 3, 4, '2017-03-15 05:05:00', NULL, 0, 81, '2017-03-15 06:10:50', '2017-03-15 06:13:12', 'true'),
(59, 54, 'unstarted', 5, 5, '2017-03-08 01:05:00', NULL, 0, 82, '2017-03-15 06:14:12', '2017-03-15 06:14:12', 'false');

-- --------------------------------------------------------

--
-- Table structure for table `migrations`
--

CREATE TABLE `migrations` (
  `id` int(10) UNSIGNED NOT NULL,
  `migration` varchar(255) COLLATE utf8mb4_unicode_ci NOT NULL,
  `batch` int(11) NOT NULL
) ENGINE=InnoDB DEFAULT CHARSET=utf8mb4 COLLATE=utf8mb4_unicode_ci;

--
-- Dumping data for table `migrations`
--

INSERT INTO `migrations` (`id`, `migration`, `batch`) VALUES
(8, '2014_10_12_000000_create_users_table', 1),
(9, '2017_02_24_073444_create-products', 1),
(10, '2017_02_24_081048_create-bids', 1);

-- --------------------------------------------------------

--
-- Table structure for table `products`
--

CREATE TABLE `products` (
  `id` int(10) UNSIGNED NOT NULL,
  `name` varchar(255) COLLATE utf8mb4_unicode_ci NOT NULL,
  `desc` varchar(255) COLLATE utf8mb4_unicode_ci NOT NULL,
  `isdeleted` int(11) NOT NULL DEFAULT '0',
  `created_at` timestamp NULL DEFAULT NULL,
  `updated_at` timestamp NULL DEFAULT NULL
) ENGINE=InnoDB DEFAULT CHARSET=utf8mb4 COLLATE=utf8mb4_unicode_ci;

--
-- Dumping data for table `products`
--

INSERT INTO `products` (`id`, `name`, `desc`, `isdeleted`, `created_at`, `updated_at`) VALUES
(6, 'pc1', 'pc2', 0, '2017-03-02 11:05:32', '2017-03-02 11:05:32'),
(7, 'pc2', 'pc2', 0, '2017-03-02 11:05:51', '2017-03-02 11:05:51'),
(8, 'pc3', 'pc3', 0, '2017-03-02 11:06:14', '2017-03-02 11:06:14'),
(9, 'fbv', 'vfrv', 0, '2017-03-09 04:29:59', '2017-03-09 04:29:59'),
(10, 'yg', 'gtrg', 0, '2017-03-13 09:32:18', '2017-03-13 09:32:18'),
(11, 'gr', 'gr', 0, '2017-03-14 07:56:24', '2017-03-14 07:56:24'),
(12, 'gr', 'gr', 0, '2017-03-14 07:57:00', '2017-03-14 07:57:00'),
(13, 'vv', 'vrfv', 0, '2017-03-14 08:10:29', '2017-03-14 08:10:29'),
(14, 'hkj', 'dfd', 0, '2017-03-14 08:12:22', '2017-03-14 08:12:22'),
(15, 'fe', 'rfef', 0, '2017-03-14 08:14:23', '2017-03-14 08:14:23'),
(16, 'gtr', 'grge', 0, '2017-03-14 08:16:34', '2017-03-14 08:16:34'),
(17, 'vfd', 'gfdg', 0, '2017-03-14 08:17:34', '2017-03-14 08:17:34'),
(18, 'hgf', 'ghgf', 0, '2017-03-14 08:18:19', '2017-03-14 08:18:19'),
(19, 'fdg', 'fgd', 0, '2017-03-14 08:18:38', '2017-03-14 08:18:38'),
(20, 'fdb', 'dfb', 0, '2017-03-14 08:19:00', '2017-03-14 08:19:00'),
(21, 'gt', 'grtg', 0, '2017-03-14 09:17:51', '2017-03-14 09:17:51'),
(22, 'gr', 'greg', 0, '2017-03-14 09:18:47', '2017-03-14 09:18:47'),
(23, 'rtg', 'gtrg', 0, '2017-03-14 10:03:39', '2017-03-14 10:03:39'),
(24, 'fre', 'erf', 0, '2017-03-14 10:05:28', '2017-03-14 10:05:28'),
(25, 'fef', 'wef', 0, '2017-03-14 10:05:54', '2017-03-14 10:05:54'),
(26, 'vfvf', 'fvf', 0, '2017-03-14 10:06:57', '2017-03-14 10:06:57'),
(27, 'sw', 'sw', 0, '2017-03-14 10:07:42', '2017-03-14 10:07:42'),
(28, 'dv', 'gvsv', 0, '2017-03-14 10:08:09', '2017-03-14 10:08:09'),
(29, 'cew', 'cewc', 0, '2017-03-14 10:08:48', '2017-03-14 10:08:48'),
(30, 'rf', 'erwf', 0, '2017-03-14 10:10:31', '2017-03-14 10:10:31'),
(31, 'ded', 'ed', 0, '2017-03-14 10:11:44', '2017-03-14 10:11:44'),
(32, 'tr', 'trt', 0, '2017-03-14 10:12:17', '2017-03-14 10:12:17'),
(33, 'de', 'ewdw', 0, '2017-03-14 10:14:00', '2017-03-14 10:14:00'),
(34, 'ferf', 'erfer', 0, '2017-03-14 10:16:05', '2017-03-14 10:16:05'),
(35, 'hla', 'hla', 0, '2017-03-14 10:17:02', '2017-03-14 10:17:02'),
(36, 'rgr', 'rger', 0, '2017-03-14 10:19:28', '2017-03-14 10:19:28'),
(37, 'ff', 'ff', 0, '2017-03-14 10:26:05', '2017-03-14 10:26:05'),
(38, 'uj', 'ujy', 0, '2017-03-14 10:54:22', '2017-03-14 10:54:22'),
(39, 'ngf', 'ngf', 0, '2017-03-14 10:54:49', '2017-03-14 10:54:49'),
(40, 'gtr', 'grg', 0, '2017-03-14 11:08:39', '2017-03-14 11:08:39'),
(41, 'h6', '65', 0, '2017-03-14 11:08:56', '2017-03-14 11:08:56'),
(42, 'dwd', 'dw', 0, '2017-03-14 11:18:39', '2017-03-14 11:18:39'),
(43, 't5rt', 'trr', 0, '2017-03-14 11:19:07', '2017-03-14 11:19:07'),
(44, 'fr', 'ffr', 0, '2017-03-14 11:23:08', '2017-03-14 11:23:08'),
(45, 'erfer', 'ewf', 0, '2017-03-14 11:23:24', '2017-03-14 11:23:24'),
(46, 'gtg', 'gtrg', 0, '2017-03-14 11:27:02', '2017-03-14 11:27:02'),
(47, 'a', 'a', 0, '2017-03-14 11:27:26', '2017-03-14 11:27:26'),
(48, 'a', 'a', 0, '2017-03-14 11:29:11', '2017-03-14 11:29:11'),
(49, 'fg', 'ef', 0, '2017-03-14 11:29:48', '2017-03-14 11:29:48'),
(50, 'e3', 'e3', 0, '2017-03-14 11:30:06', '2017-03-14 11:30:06'),
(51, 'greg', 'ger', 0, '2017-03-14 11:30:56', '2017-03-14 11:30:56'),
(52, 'de', '34', 0, '2017-03-14 11:31:10', '2017-03-14 11:31:10'),
(53, 'fr', 'erfe', 0, '2017-03-14 11:32:42', '2017-03-14 11:32:42'),
(54, 'e3e', '32e', 0, '2017-03-14 11:32:59', '2017-03-14 11:32:59'),
(55, 'g', 'tger', 0, '2017-03-14 11:37:53', '2017-03-14 11:37:53'),
(56, 'grg', 'grg', 0, '2017-03-14 11:38:07', '2017-03-14 11:38:07'),
(57, 'r4r', 'fref', 0, '2017-03-14 11:38:24', '2017-03-14 11:38:24'),
(58, 'grg', 'egr', 0, '2017-03-14 11:44:06', '2017-03-14 11:44:06'),
(59, 'gtrg', 'tgr', 0, '2017-03-14 11:44:21', '2017-03-14 11:44:21'),
(60, 'gre', 'geg', 0, '2017-03-14 11:44:59', '2017-03-14 11:44:59'),
(61, 'fref', 'fre', 0, '2017-03-14 11:45:36', '2017-03-14 11:45:36'),
(62, 'te3', 't4', 0, '2017-03-14 11:45:55', '2017-03-14 11:45:55'),
(63, 'tr', 'try', 0, '2017-03-14 11:46:14', '2017-03-14 11:46:14'),
(64, 'greg', 'gre', 0, '2017-03-14 11:51:54', '2017-03-14 11:51:54'),
(65, 'fdg', 'gdfg', 0, '2017-03-14 12:24:02', '2017-03-14 12:24:02'),
(66, 'ff', '15649615', 0, '2017-03-14 12:27:46', '2017-03-14 12:27:46'),
(67, 'grg', 'gerg', 0, '2017-03-15 05:52:13', '2017-03-15 05:52:13'),
(68, 'fdvbdf', 'gfg', 0, '2017-03-15 05:52:33', '2017-03-15 05:52:33'),
(69, 'frfv', 'efe', 0, '2017-03-15 05:53:05', '2017-03-15 05:53:05'),
(70, 'htrh', 'th', 0, '2017-03-15 05:55:46', '2017-03-15 05:55:46'),
(71, 'greg', 'rgr', 0, '2017-03-15 05:56:28', '2017-03-15 05:56:28'),
(72, 'hh', '6y5', 0, '2017-03-15 05:58:22', '2017-03-15 05:58:22'),
(73, 'fw', 'ewf', 0, '2017-03-15 05:58:38', '2017-03-15 05:58:38'),
(74, 'trhr', 'htrt', 0, '2017-03-15 06:02:05', '2017-03-15 06:02:05'),
(75, 'gtrg', 'erg', 0, '2017-03-15 06:03:41', '2017-03-15 06:03:41'),
(76, 'gerg', 'ergt', 0, '2017-03-15 06:05:07', '2017-03-15 06:05:07'),
(77, 'grg', 'rgr', 0, '2017-03-15 06:06:34', '2017-03-15 06:06:34'),
(78, 'te', 'erter', 0, '2017-03-15 06:07:05', '2017-03-15 06:07:05'),
(79, 'htr', 'htrt', 0, '2017-03-15 06:08:07', '2017-03-15 06:08:07'),
(80, 'fewf', 'fef', 0, '2017-03-15 06:08:24', '2017-03-15 06:08:24'),
(81, 'yer', 'ry', 0, '2017-03-15 06:10:50', '2017-03-15 06:10:50'),
(82, 't4rt', 'tre', 0, '2017-03-15 06:14:12', '2017-03-15 06:14:12');

-- --------------------------------------------------------

--
-- Table structure for table `transactions`
--

CREATE TABLE `transactions` (
  `id` int(10) UNSIGNED NOT NULL,
  `bidValue` double NOT NULL,
  `isdeleted` int(11) NOT NULL DEFAULT '0',
  `product_id` int(11) NOT NULL,
  `bid_id` int(11) NOT NULL,
  `user_id` int(11) NOT NULL,
  `created_at` timestamp NULL DEFAULT NULL,
  `updated_at` timestamp NULL DEFAULT NULL
) ENGINE=InnoDB DEFAULT CHARSET=utf8mb4 COLLATE=utf8mb4_unicode_ci;

--
-- Dumping data for table `transactions`
--

INSERT INTO `transactions` (`id`, `bidValue`, `isdeleted`, `product_id`, `bid_id`, `user_id`, `created_at`, `updated_at`) VALUES
(40, 55, 1, 6, 6, 10, '2017-03-02 11:06:26', '2017-03-02 11:06:43'),
(41, 44, 0, 7, 7, 10, '2017-03-02 11:06:28', '2017-03-02 11:06:28'),
(42, 55, 1, 8, 8, 10, '2017-03-02 11:06:32', '2017-03-02 11:06:44'),
(43, 55, 0, 7, 7, 10, '2017-03-02 11:49:03', '2017-03-02 11:49:03'),
(44, 55, 0, 7, 7, 10, '2017-03-05 05:15:05', '2017-03-05 05:15:05'),
(45, 3233, 0, 7, 7, 10, '2017-03-05 05:41:17', '2017-03-05 05:41:17'),
(46, 564, 0, 7, 7, 11, '2017-03-08 05:32:39', '2017-03-08 05:32:39'),
(47, 656, 0, 7, 7, 11, '2017-03-08 11:48:33', '2017-03-08 11:48:33'),
(48, 222, 0, 9, 9, 11, '2017-03-09 04:31:43', '2017-03-09 04:31:43'),
(49, 3233, 0, 7, 3233, 11, '2017-03-14 06:11:36', '2017-03-14 06:11:36'),
(50, 222, 0, 9, 222, 11, '2017-03-14 06:12:49', '2017-03-14 06:12:49'),
(51, 3233, 0, 7, 3233, 11, '2017-03-14 06:14:28', '2017-03-14 06:14:28'),
(52, 3233, 0, 7, 3233, 11, '2017-03-14 06:15:34', '2017-03-14 06:15:34'),
(53, 3233, 0, 7, 3233, 11, '2017-03-14 06:16:00', '2017-03-14 06:16:00'),
(54, 222, 0, 9, 222, 11, '2017-03-14 06:16:08', '2017-03-14 06:16:08'),
(55, 222, 0, 9, 222, 11, '2017-03-14 06:17:59', '2017-03-14 06:17:59'),
(56, 222, 0, 9, 222, 11, '2017-03-14 06:18:03', '2017-03-14 06:18:03'),
(57, 3233, 0, 7, 3233, 11, '2017-03-14 06:19:11', '2017-03-14 06:19:11'),
(58, 3233, 0, 7, 3233, 11, '2017-03-14 06:19:16', '2017-03-14 06:19:16'),
(59, 3233, 0, 7, 3233, 11, '2017-03-14 12:40:51', '2017-03-14 12:40:51');

-- --------------------------------------------------------

--
-- Table structure for table `users`
--

CREATE TABLE `users` (
  `id` int(10) UNSIGNED NOT NULL,
  `name` varchar(255) COLLATE utf8mb4_unicode_ci NOT NULL,
  `created_at` timestamp NULL DEFAULT NULL,
  `updated_at` timestamp NULL DEFAULT NULL
) ENGINE=InnoDB DEFAULT CHARSET=utf8mb4 COLLATE=utf8mb4_unicode_ci;

--
-- Dumping data for table `users`
--

INSERT INTO `users` (`id`, `name`, `created_at`, `updated_at`) VALUES
(10, 'Hla Hamra', '2017-03-02 06:19:09', '2017-03-02 06:19:09'),
(11, 'hhamra', '2017-03-05 07:24:55', '2017-03-05 07:24:55'),
(12, 'gfg', '2017-03-07 09:16:04', '2017-03-07 09:16:04'),
(13, 'dff', '2017-03-07 09:25:51', '2017-03-07 09:25:51');

--
-- Indexes for dumped tables
--

--
-- Indexes for table `bids`
--
ALTER TABLE `bids`
  ADD PRIMARY KEY (`id`),
  ADD KEY `bids_product_id_index` (`product_id`);

--
-- Indexes for table `migrations`
--
ALTER TABLE `migrations`
  ADD PRIMARY KEY (`id`);

--
-- Indexes for table `products`
--
ALTER TABLE `products`
  ADD PRIMARY KEY (`id`);

--
-- Indexes for table `transactions`
--
ALTER TABLE `transactions`
  ADD PRIMARY KEY (`id`);

--
-- Indexes for table `users`
--
ALTER TABLE `users`
  ADD PRIMARY KEY (`id`);

--
-- AUTO_INCREMENT for dumped tables
--

--
-- AUTO_INCREMENT for table `bids`
--
ALTER TABLE `bids`
  MODIFY `id` int(10) UNSIGNED NOT NULL AUTO_INCREMENT, AUTO_INCREMENT=60;
--
-- AUTO_INCREMENT for table `migrations`
--
ALTER TABLE `migrations`
  MODIFY `id` int(10) UNSIGNED NOT NULL AUTO_INCREMENT, AUTO_INCREMENT=11;
--
-- AUTO_INCREMENT for table `products`
--
ALTER TABLE `products`
  MODIFY `id` int(10) UNSIGNED NOT NULL AUTO_INCREMENT, AUTO_INCREMENT=83;
--
-- AUTO_INCREMENT for table `transactions`
--
ALTER TABLE `transactions`
  MODIFY `id` int(10) UNSIGNED NOT NULL AUTO_INCREMENT, AUTO_INCREMENT=60;
--
-- AUTO_INCREMENT for table `users`
--
ALTER TABLE `users`
  MODIFY `id` int(10) UNSIGNED NOT NULL AUTO_INCREMENT, AUTO_INCREMENT=14;
/*!40101 SET CHARACTER_SET_CLIENT=@OLD_CHARACTER_SET_CLIENT */;
/*!40101 SET CHARACTER_SET_RESULTS=@OLD_CHARACTER_SET_RESULTS */;
/*!40101 SET COLLATION_CONNECTION=@OLD_COLLATION_CONNECTION */;
